{"count":1,"self":20.842247999999998,"total":21.212609099999998,"children":{"InitializeActuators":{"count":1,"self":0.00099549999999999986,"total":0.00099549999999999986,"children":null},"InitializeSensors":{"count":1,"self":0.0015099999999999998,"total":0.0015099999999999998,"children":null},"AgentSendState":{"count":3284,"self":0.037912499999999995,"total":0.210109,"children":{"CollectObservations":{"count":657,"self":0.0231758,"total":0.0231758,"children":null},"WriteActionMask":{"count":657,"self":0.0025093,"total":0.0025093,"children":null},"RequestDecision":{"count":657,"self":0.14651139999999999,"total":0.14651139999999999,"children":null}}},"DecideAction":{"count":3284,"self":0.1128346,"total":0.1128346,"children":null},"AgentAct":{"count":3284,"self":0.043906099999999997,"total":0.043906099999999997,"children":null}},"gauges":{"Lifter.CumulativeReward":{"count":6,"max":-49.92316,"min":-49.99981,"runningAverage":-49.9870377,"value":-49.99981,"weightedAverage":-49.98162}},"metadata":{"timer_format_version":"0.1.0","start_time_seconds":"1715366239","unity_version":"2023.2.19f1","command_line_arguments":"C:\\Program Files\\Unity\\Hub\\Editor\\2023.2.19f1\\Editor\\Unity.exe -projectpath C:\\Users\\Mart9\\Workspace\\FM-RL-Planning\\FM-RL-Unity -useHub -hubIPC -cloudEnvironment production","communication_protocol_version":"1.5.0","com.unity.ml-agents_version":"3.0.0-exp.1","scene_name":"InitialScene","end_time_seconds":"1715366261"}}